Zapcase Back Case Cover for Mi Redmi Note 12 5G / Poco X5 5G | Compatible for Mi Redmi Note 12 5G / Poco X5 5G Back Cover | Liquid Silicon Magic Case with Camera Protection | Black,NA,NA,414 ratings,In stock
The Psychology of Money,NA,,76079 ratings,In stock
Bare Anatomy Anti Hair Fall Shampoo | 5x Hair Fall Control & Growth 250ml + Bare Anatomy Nature X Science Rosemary Water Spray For Hair Growth & Thickness With Rice Water 200ml | For Women & Men,NA,,2768 ratings,In stock
L'Oréal Professionnel Absolut Repair Shampoo for Dry & Damaged Hair - 300ml | Professional shampoo for Strengthening and Repairing Hair With Protein & Omega-9 For Men & Women,NA,,13323 ratings,In stock
Zapcase Back Case Cover for Mi Redmi Note 12 5G / Poco X5 5G | Compatible for Mi Redmi Note 12 5G / Poco X5 5G Back Cover | Liquid Silicon Magic Case with Camera Protection | Black,NA,NA,414 ratings,In stock
The Psychology of Money,NA,,76079 ratings,In stock
Bare Anatomy Anti Hair Fall Shampoo | 5x Hair Fall Control & Growth 250ml + Bare Anatomy Nature X Science Rosemary Water Spray For Hair Growth & Thickness With Rice Water 200ml | For Women & Men,NA,,2768 ratings,In stock
L'Oréal Professionnel Absolut Repair Shampoo for Dry & Damaged Hair - 300ml | Professional shampoo for Strengthening and Repairing Hair With Protein & Omega-9 For Men & Women,NA,,13323 ratings,In stock
Zapcase Back Case Cover for Mi Redmi Note 12 5G / Poco X5 5G | Compatible for Mi Redmi Note 12 5G / Poco X5 5G Back Cover | Liquid Silicon Magic Case with Camera Protection | Black,NA,NA,414 ratings,In stock
The Psychology of Money,NA,,76079 ratings,In stock
Bare Anatomy Anti Hair Fall Shampoo | 5x Hair Fall Control & Growth 250ml + Bare Anatomy Nature X Science Rosemary Water Spray For Hair Growth & Thickness With Rice Water 200ml | For Women & Men,NA,,2768 ratings,In stock
L'Oréal Professionnel Absolut Repair Shampoo for Dry & Damaged Hair - 300ml | Professional shampoo for Strengthening and Repairing Hair With Protein & Omega-9 For Men & Women,NA,,13323 ratings,In stock
Zapcase Back Case Cover for Mi Redmi Note 12 5G / Poco X5 5G | Compatible for Mi Redmi Note 12 5G / Poco X5 5G Back Cover | Liquid Silicon Magic Case with Camera Protection | Black,NA,NA,414 ratings,In stock
The Psychology of Money,NA,,76079 ratings,In stock
Bare Anatomy Anti Hair Fall Shampoo | 5x Hair Fall Control & Growth 250ml + Bare Anatomy Nature X Science Rosemary Water Spray For Hair Growth & Thickness With Rice Water 200ml | For Women & Men,NA,,2768 ratings,In stock
L'Oréal Professionnel Absolut Repair Shampoo for Dry & Damaged Hair - 300ml | Professional shampoo for Strengthening and Repairing Hair With Protein & Omega-9 For Men & Women,NA,,13323 ratings,In stock
Tata Sampann Pure Raisins Seedless/Kishmish 500g Source Of Potassium Premium Dry Fruits Green Raisins,NA,,4030 ratings,NA
Tata Sampann Pure Raisins Seedless/Kishmish 500g Source Of Potassium Premium Dry Fruits Green Raisins,₹257.00,4.4,4030 ratings,NA
Exo Dishwash Bar 480gm (120gm X (3 + 1 Bar Free) | Goodness Of Ginger | Remove Tough Grime Kills Bacteria & Sanitizes The Utensils,₹30.00,4.2,15045 ratings,NA
